game_id,season,game_type,game_date,venue,venue_location,away_team_id,away_team_abbrev,away_team_name,home_team_id,home_team_abbrev,home_team_name,event_id,event_idx,sort_order,period_number,period_type,max_regulation_periods,time_in_period,time_remaining,situation_code,is_empty_net,is_goal,type_code,type_desc_key,away_score,home_score,away_sog,home_sog,x_coord,y_coord,zone_code,shot_type,description,event_owner_team_id,details_type_code,scoring_player_total,assist1_player_total,assist2_player_total,goal_distance,goal_angle,goal_side,goal_x_coord,shooting_player_id,shooting_player_name,shooting_player_team_id,shooting_player_position_code,goalie_in_net_id,goalie_in_net_name,goalie_in_net_team_id,goalie_in_net_position_code,scoring_player_id,scoring_player_name,scoring_player_team_id,scoring_player_position_code,assist1_player_id,assist1_player_name,assist1_player_team_id,assist1_player_position_code,assist2_player_id,assist2_player_name,assist2_player_team_id,assist2_player_position_code,time_in_period_seconds,game_seconds,last_event_type,last_x,last_y,time_since_last_event,distance_from_last_event,is_rebound,speed,last_angle,absolute_angle_change,power_play_time_elapsed,shooting_team_skaters,opposing_team_skaters
2017021065,20172018,2,2018-03-12,Capital One Arena,Washington,52,WPG,Jets,15,WSH,Capitals,13,9,22,1,REG,3,01:51,18:09,1551,False,False,506,shot-on-goal,,,0.0,1.0,-50.0,36.0,O,snap,Connor Hellebuyck stops a shot from Michal Kempny,15.0,,,,,53.075418038862395,-42.70938995736147,left,-89,8479482.0,Michal Kempny,15.0,D,8476945.0,Connor Hellebuyck,52.0,G,,,,,,,,,,,,,111,111,hit,72.0,37.0,11.0,122.00409829181969,False,11.0912816628927,-12.942624265794588,0.0,0,5,5
2017021065,20172018,2,2018-03-12,Capital One Arena,Washington,52,WPG,Jets,15,WSH,Capitals,14,10,23,1,REG,3,01:55,18:05,1551,False,False,506,shot-on-goal,,,0.0,2.0,-85.0,-25.0,O,wrist,Connor Hellebuyck stops a shot from John Carlson,15.0,,,,,25.317977802344327,80.90972307917767,right,-89,8474590.0,John Carlson,15.0,D,8476945.0,Connor Hellebuyck,52.0,G,,,,,,,,,,,,,115,115,shot-on-goal,-50.0,36.0,4.0,70.32780389006896,True,17.58195097251724,-42.70938995736147,123.61911303653915,0,5,5
2017021065,20172018,2,2018-03-12,Capital One Arena,Washington,52,WPG,Jets,15,WSH,Capitals,16,14,29,1,REG,3,02:04,17:56,1551,False,False,506,shot-on-goal,,,1.0,2.0,73.0,-16.0,O,backhand,Philipp Grubauer stops a shot from Brandon Tanev,52.0,,,,,22.627416997969522,-45.00000000000001,left,89,8479293.0,Brandon Tanev,52.0,L,8475831.0,Philipp Grubauer,15.0,G,,,,,,,,,,,,,124,124,takeaway,-39.0,-28.0,1.0,112.64102272262978,False,112.64102272262978,-12.33908727832618,0.0,0,5,5
2017021065,20172018,2,2018-03-12,Capital One Arena,Washington,52,WPG,Jets,15,WSH,Capitals,17,18,33,1,REG,3,02:31,17:29,1551,False,False,506,shot-on-goal,,,1.0,3.0,-29.0,-6.0,O,slap,Connor Hellebuyck stops a shot from Brooks Orpik,15.0,,,,,60.29925372672534,5.710593137499568,right,-89,8468498.0,Brooks Orpik,15.0,D,8476945.0,Connor Hellebuyck,52.0,G,,,,,,,,,,,,,151,151,hit,10.0,38.0,5.0,58.7962583843564,False,11.75925167687128,25.688143435647348,0.0,0,5,5
2017021065,20172018,2,2018-03-12,Capital One Arena,Washington,52,WPG,Jets,15,WSH,Capitals,18,19,35,1,REG,3,02:39,17:21,1551,False,False,506,shot-on-goal,,,2.0,3.0,23.0,-34.0,N,wrist,Philipp Grubauer stops a shot from Joel Armia,52.0,,,,,74.24284477308234,-27.255328374943062,left,89,8476469.0,Joel Armia,52.0,R,8475831.0,Philipp Grubauer,15.0,G,,,,,,,,,,,,,159,159,shot-on-goal,-29.0,-6.0,8.0,59.0592922409336,True,7.3824115301167,5.710593137499568,32.965921512442634,0,5,5
2017021065,20172018,2,2018-03-12,Capital One Arena,Washington,52,WPG,Jets,15,WSH,Capitals,21,26,49,1,REG,3,03:23,16:37,1451,False,False,506,shot-on-goal,,,2.0,4.0,-51.0,-20.0,O,slap,Connor Hellebuyck stops a shot from Alex Ovechkin,15.0,,,,,42.941821107167776,27.758540601060027,right,-89,8471214.0,Alex Ovechkin,15.0,L,8476945.0,Connor Hellebuyck,52.0,G,,,,,,,,,,,,,203,203,faceoff,-69.0,-22.0,5.0,18.110770276274835,False,3.622154055254967,47.72631099390627,0.0,5,4,5
2017021065,20172018,2,2018-03-12,Capital One Arena,Washington,52,WPG,Jets,15,WSH,Capitals,23,29,55,1,REG,3,04:01,15:59,1351,False,False,506,shot-on-goal,,,2.0,5.0,-59.0,19.0,O,slap,Connor Hellebuyck stops a shot from John Carlson,15.0,,,,,35.510561809129406,-32.34744349944203,left,-89,8474590.0,John Carlson,15.0,D,8476945.0,Connor Hellebuyck,52.0,G,,,,,,,,,,,,,241,241,faceoff,-69.0,-22.0,8.0,42.20189569201838,False,5.275236961502298,-7.926926682689563,0.0,43,3,5
2017021065,20172018,2,2018-03-12,Capital One Arena,Washington,52,WPG,Jets,15,WSH,Capitals,25,32,58,1,REG,3,04:14,15:46,1351,False,False,506,shot-on-goal,,,2.0,6.0,-84.0,-10.0,O,wrist,Connor Hellebuyck stops a shot from T.J. Oshie,15.0,,,,,11.180339887498949,63.43494882292201,right,-89,8471698.0,T.J. Oshie,15.0,R,8476945.0,Connor Hellebuyck,52.0,G,,,,,,,,,,,,,254,254,blocked-shot,-78.0,-8.0,2.0,6.324555320336759,True,3.1622776601683795,36.02737338510361,99.46232220802563,56,3,5
2017021065,20172018,2,2018-03-12,Capital One Arena,Washington,52,WPG,Jets,15,WSH,Capitals,29,35,62,1,REG,3,04:35,15:25,1351,False,True,505,goal,0.0,1.0,,,-57.0,-20.0,O,wrist,Alex Ovechkin scores a goal,15.0,,41.0,43.0,34.0,37.73592452822641,32.00538320808349,right,-89,,,,,8476945.0,Connor Hellebuyck,52.0,G,8471214.0,Alex Ovechkin,15.0,L,8474590.0,John Carlson,15.0,D,8473563.0,Nicklas Backstrom,15.0,C,275,275,faceoff,-69.0,22.0,5.0,43.68065933568311,False,8.736131867136622,-47.72631099390627,0.0,77,3,5
2017021065,20172018,2,2018-03-12,Capital One Arena,Washington,52,WPG,Jets,15,WSH,Capitals,30,37,66,1,REG,3,05:07,14:53,1451,False,False,506,shot-on-goal,,,2.0,7.0,-80.0,7.0,O,wrist,Connor Hellebuyck stops a shot from Nicklas Backstrom,15.0,,,,,11.40175425099138,-37.8749836510982,left,-89,8473563.0,Nicklas Backstrom,15.0,C,8476945.0,Connor Hellebuyck,52.0,G,,,,,,,,,,,,,307,307,faceoff,0.0,0.0,32.0,80.30566605165541,False,2.5095520641142315,0.0,0.0,109,4,5
2017021065,20172018,2,2018-03-12,Capital One Arena,Washington,52,WPG,Jets,15,WSH,Capitals,32,41,73,1,REG,3,05:33,14:27,1441,False,True,505,goal,1.0,1.0,,,77.0,-3.0,O,wrist,Nikolaj Ehlers scores a goal,52.0,,27.0,,,12.36931687685298,-14.036243467926457,left,89,,,,,8475831.0,Philipp Grubauer,15.0,G,8477940.0,Nikolaj Ehlers,52.0,L,,,,,,,,,333,333,giveaway,16.0,-30.0,3.0,66.70832032063167,False,22.23610677354389,15.945395900922858,0.0,0,4,4
2017021065,20172018,2,2018-03-12,Capital One Arena,Washington,52,WPG,Jets,15,WSH,Capitals,33,43,77,1,REG,3,05:44,14:16,1441,False,False,506,shot-on-goal,,,2.0,8.0,-82.0,35.0,O,wrist,Connor Hellebuyck stops a shot from Jay Beagle,15.0,,,,,35.6931365951495,-78.69006752597979,left,-89,8474291.0,Jay Beagle,15.0,C,8476945.0,Connor Hellebuyck,52.0,G,,,,,,,,,,,,,344,344,faceoff,0.0,0.0,11.0,89.15716460273958,False,8.105196782067235,0.0,0.0,0,4,4
2017021065,20172018,2,2018-03-12,Capital One Arena,Washington,52,WPG,Jets,15,WSH,Capitals,35,46,88,1,REG,3,07:01,12:59,1541,False,False,506,shot-on-goal,,,3.0,8.0,55.0,24.0,O,slap,Philipp Grubauer stops a shot from Patrik Laine,52.0,,,,,41.617304093369626,35.21759296819271,right,89,8479339.0,Patrik Laine,52.0,R,8475831.0,Philipp Grubauer,15.0,G,,,,,,,,,,,,,421,421,faceoff,-69.0,22.0,76.0,124.01612798341996,False,1.6317911576765785,-47.72631099390627,0.0,111,4,5
2017021065,20172018,2,2018-03-12,Capital One Arena,Washington,52,WPG,Jets,15,WSH,Capitals,39,53,104,1,REG,3,08:15,11:45,1551,False,False,506,shot-on-goal,,,3.0,9.0,-29.0,-35.0,O,backhand,Connor Hellebuyck stops a shot from Brett Connolly,15.0,,,,,69.46221994724903,30.256437163529277,right,-89,8475792.0,Brett Connolly,15.0,R,8476945.0,Connor Hellebuyck,52.0,G,,,,,,,,,,,,,495,495,hit,32.0,38.0,17.0,95.13148795220224,False,5.5959698795413075,-17.434874694799298,0.0,0,5,5
2017021065,20172018,2,2018-03-12,Capital One Arena,Washington,52,WPG,Jets,15,WSH,Capitals,50,81,161,1,REG,3,13:50,06:10,1551,False,False,506,shot-on-goal,,,4.0,9.0,40.0,7.0,O,slap,Philipp Grubauer stops a shot from Ben Chiarot,52.0,,,,,49.49747468305833,8.13010235415596,right,89,8475279.0,Ben Chiarot,52.0,D,8475831.0,Philipp Grubauer,15.0,G,,,,,,,,,,,,,830,830,faceoff,69.0,22.0,4.0,32.64965543462902,False,8.162413858657255,47.72631099390627,0.0,0,5,5
2017021065,20172018,2,2018-03-12,Capital One Arena,Washington,52,WPG,Jets,15,WSH,Capitals,201,82,162,1,REG,3,14:07,05:53,1551,False,False,506,shot-on-goal,,,5.0,9.0,66.0,1.0,O,wrist,Philipp Grubauer stops a shot from Nikolaj Ehlers,52.0,,,,,23.021728866442675,2.489552921998982,right,89,8477940.0,Nikolaj Ehlers,52.0,L,8475831.0,Philipp Grubauer,15.0,G,,,,,,,,,,,,,847,847,shot-on-goal,40.0,7.0,17.0,26.68332812825267,True,1.5696075369560394,8.13010235415596,10.619655276154942,0,5,5
2017021065,20172018,2,2018-03-12,Capital One Arena,Washington,52,WPG,Jets,15,WSH,Capitals,203,84,165,1,REG,3,14:20,05:40,1551,False,False,506,shot-on-goal,,,5.0,10.0,-78.0,-22.0,O,wrist,Connor Hellebuyck stops a shot from Lars Eller,15.0,,,,,24.596747752497688,63.43494882292202,right,-89,8474189.0,Lars Eller,15.0,C,8476945.0,Connor Hellebuyck,52.0,G,,,,,,,,,,,,,860,860,blocked-shot,54.0,-8.0,5.0,132.74034804836094,True,26.54806960967219,-12.875001559612462,76.30995038253448,0,5,5
2017021065,20172018,2,2018-03-12,Capital One Arena,Washington,52,WPG,Jets,15,WSH,Capitals,210,98,189,1,REG,3,16:23,03:37,1541,False,False,506,shot-on-goal,,,6.0,10.0,89.0,17.0,O,wrist,Philipp Grubauer stops a shot from Joel Armia,52.0,,,,,17.0,90.0,right,89,8476469.0,Joel Armia,52.0,R,8475831.0,Philipp Grubauer,15.0,G,,,,,,,,,,,,,983,983,giveaway,81.0,-36.0,11.0,53.600373133029585,False,4.8727611939117805,11.956584243149111,0.0,99,4,5
2017021065,20172018,2,2018-03-12,Capital One Arena,Washington,52,WPG,Jets,15,WSH,Capitals,215,105,204,1,REG,3,17:45,02:15,1451,False,False,506,shot-on-goal,,,6.0,11.0,-71.0,12.0,O,wrist,Connor Hellebuyck stops a shot from Nicklas Backstrom,15.0,,,,,21.633307652783937,-33.690067525979785,left,-89,8473563.0,Nicklas Backstrom,15.0,C,8476945.0,Connor Hellebuyck,52.0,G,,,,,,,,,,,,,1065,1065,blocked-shot,-67.0,6.0,21.0,7.211102550927978,True,0.34338583575847514,-15.255118703057764,48.945186229037546,46,4,5
2017021065,20172018,2,2018-03-12,Capital One Arena,Washington,52,WPG,Jets,15,WSH,Capitals,216,107,210,1,REG,3,18:24,01:36,1451,False,False,506,shot-on-goal,,,6.0,12.0,-52.0,-21.0,O,slap,Connor Hellebuyck stops a shot from Alex Ovechkin,15.0,,,,,42.5440947723653,29.57783868126134,right,-89,8471214.0,Alex Ovechkin,15.0,L,8476945.0,Connor Hellebuyck,52.0,G,,,,,,,,,,,,,1104,1104,takeaway,-29.0,1.0,15.0,31.827660925679098,False,2.12184406171194,0.48554583000816465,0.0,85,4,5
2017021065,20172018,2,2018-03-12,Capital One Arena,Washington,52,WPG,Jets,15,WSH,Capitals,219,111,216,1,REG,3,19:08,00:52,1551,False,False,506,shot-on-goal,,,7.0,12.0,-84.0,30.0,D,wrist,Philipp Grubauer stops a shot from Josh Morrissey,52.0,,,,,175.58188972670274,9.837850966033223,right,89,8477504.0,Josh Morrissey,52.0,D,8475831.0,Philipp Grubauer,15.0,G,,,,,,,,,,,,,1148,1148,blocked-shot,-62.0,-19.0,9.0,53.71219600798314,True,5.968021778664793,35.13419305691563,44.97204402294885,0,5,5
2017021065,20172018,2,2018-03-12,Capital One Arena,Washington,52,WPG,Jets,15,WSH,Capitals,223,116,224,1,REG,3,19:51,00:09,1551,False,False,506,shot-on-goal,,,7.0,13.0,-33.0,-26.0,O,wrist,Connor Hellebuyck stops a shot from Dmitry Orlov,15.0,,,,,61.741396161732524,24.90476880809517,right,-89,8475200.0,Dmitry Orlov,15.0,D,8476945.0,Connor Hellebuyck,52.0,G,,,,,,,,,,,,,1191,1191,blocked-shot,-79.0,-8.0,9.0,49.39635614091387,True,5.488484015657097,38.65980825409008,63.56457706218525,0,5,5
2017021065,20172018,2,2018-03-12,Capital One Arena,Washington,52,WPG,Jets,15,WSH,Capitals,231,121,235,2,REG,3,00:31,19:29,1551,False,False,506,shot-on-goal,,,7.0,14.0,-66.0,-34.0,D,wrist,Connor Hellebuyck stops a shot from Tom Wilson,15.0,,,,,158.68522300453813,-12.37215525051822,left,89,8476880.0,Tom Wilson,15.0,R,8476945.0,Connor Hellebuyck,52.0,G,,,,,,,,,,,,,31,1231,hit,23.0,-38.0,21.0,89.08984229416954,False,4.242373442579502,18.741340445192726,0.0,0,5,5
2017021065,20172018,2,2018-03-12,Capital One Arena,Washington,52,WPG,Jets,15,WSH,Capitals,232,122,240,2,REG,3,00:50,19:10,1551,False,False,506,shot-on-goal,,,8.0,14.0,-81.0,-13.0,O,wrist,Philipp Grubauer stops a shot from Nikolaj Ehlers,52.0,,,,,15.264337522473747,58.3924977537511,right,-89,8477940.0,Nikolaj Ehlers,52.0,L,8475831.0,Philipp Grubauer,15.0,G,,,,,,,,,,,,,50,1250,shot-on-goal,-66.0,-34.0,19.0,25.80697580112788,True,1.3582618842698884,-12.37215525051822,70.76465300426932,0,5,5
2017021065,20172018,2,2018-03-12,Capital One Arena,Washington,52,WPG,Jets,15,WSH,Capitals,236,128,250,2,REG,3,01:21,18:39,1551,False,False,506,shot-on-goal,,,8.0,15.0,35.0,-23.0,O,slap,Connor Hellebuyck stops a shot from Matt Niskanen,15.0,,,,,58.69412236331676,-23.07041224982466,left,89,8471702.0,Matt Niskanen,15.0,D,8476945.0,Connor Hellebuyck,52.0,G,,,,,,,,,,,,,81,1281,faceoff,-69.0,22.0,11.0,113.3181362359971,False,10.30164874872701,7.926926682689563,0.0,0,5,5
2017021065,20172018,2,2018-03-12,Capital One Arena,Washington,52,WPG,Jets,15,WSH,Capitals,243,140,266,2,REG,3,03:14,16:46,1551,False,False,506,shot-on-goal,,,9.0,15.0,-86.0,11.0,O,wrap-around,Philipp Grubauer stops a shot from Kyle Connor,52.0,,,,,11.40175425099138,-74.74488129694222,left,-89,8478398.0,Kyle Connor,52.0,L,8475831.0,Philipp Grubauer,15.0,G,,,,,,,,,,,,,194,1394,missed-shot,-76.0,7.0,8.0,10.770329614269007,True,1.346291201783626,-28.300755766006386,103.04563706294861,0,5,5
2017021065,20172018,2,2018-03-12,Capital One Arena,Washington,52,WPG,Jets,15,WSH,Capitals,411,144,275,2,REG,3,03:48,16:12,1551,False,False,506,shot-on-goal,,,9.0,16.0,79.0,-7.0,O,backhand,Connor Hellebuyck stops a shot from Evgeny Kuznetsov,15.0,,,,,12.206555615733702,-34.99202019855866,left,89,8475744.0,Evgeny Kuznetsov,15.0,C,8476945.0,Connor Hellebuyck,52.0,G,,,,,,,,,,,,,228,1428,faceoff,69.0,-22.0,7.0,18.027756377319946,False,2.575393768188564,-47.72631099390627,0.0,0,5,5
2017021065,20172018,2,2018-03-12,Capital One Arena,Washington,52,WPG,Jets,15,WSH,Capitals,245,145,276,2,REG,3,03:50,16:10,1551,False,False,506,shot-on-goal,,,9.0,17.0,75.0,-1.0,O,wrist,Connor Hellebuyck stops a shot from Tom Wilson,15.0,,,,,14.035668847618199,-4.085616779974888,left,89,8476880.0,Tom Wilson,15.0,R,8476945.0,Connor Hellebuyck,52.0,G,,,,,,,,,,,,,230,1430,shot-on-goal,79.0,-7.0,2.0,7.211102550927978,True,3.605551275463989,-34.99202019855866,39.07763697853355,0,5,5
2017021065,20172018,2,2018-03-12,Capital One Arena,Washington,52,WPG,Jets,15,WSH,Capitals,413,146,277,2,REG,3,03:52,16:08,1551,False,False,506,shot-on-goal,,,9.0,18.0,82.0,7.0,O,wrist,Connor Hellebuyck stops a shot from Alex Ovechkin,15.0,,,,,9.899494936611665,45.0,right,89,8471214.0,Alex Ovechkin,15.0,L,8476945.0,Connor Hellebuyck,52.0,G,,,,,,,,,,,,,232,1432,blocked-shot,82.0,6.0,1.0,1.0,True,1.0,40.601294645004465,85.60129464500446,0,5,5
2017021065,20172018,2,2018-03-12,Capital One Arena,Washington,52,WPG,Jets,15,WSH,Capitals,247,148,279,2,REG,3,03:53,16:07,1551,False,True,505,goal,1.0,2.0,,,85.0,8.0,O,wrist,Alex Ovechkin scores a goal,15.0,,42.0,19.0,45.0,8.94427190999916,63.43494882292202,right,89,,,,,8476945.0,Connor Hellebuyck,52.0,G,8471214.0,Alex Ovechkin,15.0,L,8476880.0,Tom Wilson,15.0,R,8475744.0,Evgeny Kuznetsov,15.0,C,233,1433,shot-on-goal,82.0,7.0,1.0,3.1622776601683795,True,3.1622776601683795,45.0,108.43494882292202,0,5,5
2017021065,20172018,2,2018-03-12,Capital One Arena,Washington,52,WPG,Jets,15,WSH,Capitals,250,155,294,2,REG,3,05:17,14:43,1551,False,False,506,shot-on-goal,,,10.0,18.0,-60.0,3.0,O,snap,Philipp Grubauer stops a shot from Kyle Connor,52.0,,,,,29.154759474226502,-5.906141113770497,left,-89,8478398.0,Kyle Connor,52.0,L,8475831.0,Philipp Grubauer,15.0,G,,,,,,,,,,,,,317,1517,giveaway,-45.0,28.0,1.0,29.154759474226502,False,29.154759474226502,11.80243420778352,0.0,0,5,5
2017021065,20172018,2,2018-03-12,Capital One Arena,Washington,52,WPG,Jets,15,WSH,Capitals,403,158,299,2,REG,3,05:54,14:06,1551,False,False,506,shot-on-goal,,,10.0,19.0,76.0,-20.0,O,wrist,Connor Hellebuyck stops a shot from Nicklas Backstrom,15.0,,,,,23.853720883753127,-56.97613244420335,left,89,8473563.0,Nicklas Backstrom,15.0,C,8476945.0,Connor Hellebuyck,52.0,G,,,,,,,,,,,,,354,1554,missed-shot,-67.0,-5.0,34.0,143.78456106272327,True,4.22895767831539,12.80426606528674,69.78039850949008,0,5,5
2017021065,20172018,2,2018-03-12,Capital One Arena,Washington,52,WPG,Jets,15,WSH,Capitals,405,163,306,2,REG,3,06:35,13:25,1551,False,False,506,shot-on-goal,,,11.0,19.0,-46.0,18.0,O,slap,Philipp Grubauer stops a shot from Patrik Laine,52.0,,,,,46.61544808322666,-22.71441235316726,left,-89,8479339.0,Patrik Laine,52.0,R,8475831.0,Philipp Grubauer,15.0,G,,,,,,,,,,,,,395,1595,hit,-23.0,40.0,20.0,31.827660925679098,False,1.5913830462839549,19.65382405805333,0.0,0,5,5
2017021065,20172018,2,2018-03-12,Capital One Arena,Washington,52,WPG,Jets,15,WSH,Capitals,406,166,313,2,REG,3,06:59,13:01,1551,False,False,506,shot-on-goal,,,12.0,19.0,-69.0,-26.0,O,snap,Philipp Grubauer stops a shot from Brandon Tanev,52.0,,,,,32.802438933713454,52.43140797117251,right,-89,8479293.0,Brandon Tanev,52.0,L,8475831.0,Philipp Grubauer,15.0,G,,,,,,,,,,,,,419,1619,hit,-94.0,35.0,12.0,65.92419889539804,False,5.493683241283169,-98.13010235415598,0.0,0,5,5
2017021065,20172018,2,2018-03-12,Capital One Arena,Washington,52,WPG,Jets,15,WSH,Capitals,410,169,319,2,REG,3,07:36,12:24,1551,False,False,506,shot-on-goal,,,12.0,20.0,87.0,-7.0,O,wrist,Connor Hellebuyck stops a shot from Jakub Vrana,15.0,,,,,7.280109889280518,-74.05460409907714,left,89,8477944.0,Jakub Vrana,15.0,L,8476945.0,Connor Hellebuyck,52.0,G,,,,,,,,,,,,,456,1656,blocked-shot,-62.0,2.0,6.0,149.27156460625713,True,24.878594101042854,-4.236394799058849,78.29099889813598,0,5,5
2017021065,20172018,2,2018-03-12,Capital One Arena,Washington,52,WPG,Jets,15,WSH,Capitals,417,182,339,2,REG,3,09:06,10:54,1551,False,False,506,shot-on-goal,,,12.0,21.0,69.0,-21.0,O,snap,Connor Hellebuyck stops a shot from Evgeny Kuznetsov,15.0,,,,,29.0,-46.39718102729637,left,89,8475744.0,Evgeny Kuznetsov,15.0,C,8476945.0,Connor Hellebuyck,52.0,G,,,,,,,,,,,,,546,1746,takeaway,61.0,-9.0,1.0,14.422205101855956,False,14.422205101855956,-17.818888914522784,0.0,0,5,5
2017021065,20172018,2,2018-03-12,Capital One Arena,Washington,52,WPG,Jets,15,WSH,Capitals,420,187,346,2,REG,3,09:44,10:16,1551,False,False,506,shot-on-goal,,,13.0,21.0,-74.0,0.0,O,wrist,Philipp Grubauer stops a shot from Mathieu Perreault,52.0,,,,,15.0,0.0,center,-89,8473618.0,Mathieu Perreault,52.0,C,8475831.0,Philipp Grubauer,15.0,G,,,,,,,,,,,,,584,1784,hit,90.0,37.0,15.0,168.12197952677099,False,11.208131968451399,-11.678784328060418,0.0,0,5,5
2017021065,20172018,2,2018-03-12,Capital One Arena,Washington,52,WPG,Jets,15,WSH,Capitals,423,191,351,2,REG,3,10:14,09:46,1551,False,False,506,shot-on-goal,,,13.0,22.0,85.0,7.0,O,backhand,Connor Hellebuyck stops a shot from Jakub Vrana,15.0,,,,,8.06225774829855,60.25511870305777,right,89,8477944.0,Jakub Vrana,15.0,L,8476945.0,Connor Hellebuyck,52.0,G,,,,,,,,,,,,,614,1814,missed-shot,33.0,26.0,12.0,55.362442142665635,True,4.613536845222137,24.90476880809517,85.15988751115293,0,5,5
2017021065,20172018,2,2018-03-12,Capital One Arena,Washington,52,WPG,Jets,15,WSH,Capitals,426,197,361,2,REG,3,11:18,08:42,1551,False,False,506,shot-on-goal,,,14.0,22.0,-43.0,3.0,O,snap,Philipp Grubauer stops a shot from Bryan Little,52.0,,,,,46.09772228646444,-3.731396999160499,left,-89,8473412.0,Bryan Little,52.0,C,8475831.0,Philipp Grubauer,15.0,G,,,,,,,,,,,,,678,1878,hit,-87.0,-34.0,9.0,57.48912940721924,False,6.387681045246582,86.6335393365702,0.0,0,5,5
2017021065,20172018,2,2018-03-12,Capital One Arena,Washington,52,WPG,Jets,15,WSH,Capitals,435,211,386,2,REG,3,13:03,06:57,1541,False,False,506,shot-on-goal,,,15.0,22.0,-49.0,-18.0,O,snap,Philipp Grubauer stops a shot from Patrik Laine,52.0,,,,,43.86342439892262,24.22774531795417,right,-89,8479339.0,Patrik Laine,52.0,R,8475831.0,Philipp Grubauer,15.0,G,,,,,,,,,,,,,783,1983,missed-shot,-75.0,7.0,18.0,36.069377593742864,True,2.0038543107634923,-26.565051177077994,50.792796495032164,39,4,5
2017021065,20172018,2,2018-03-12,Capital One Arena,Washington,52,WPG,Jets,15,WSH,Capitals,439,219,404,2,REG,3,14:46,05:14,1551,False,False,506,shot-on-goal,,,16.0,22.0,-52.0,13.0,O,wrist,Philipp Grubauer stops a shot from Andrew Copp,52.0,,,,,39.21734310225516,-19.358994175694733,left,-89,8477429.0,Andrew Copp,52.0,C,8475831.0,Philipp Grubauer,15.0,G,,,,,,,,,,,,,886,2086,takeaway,-38.0,35.0,1.0,26.076809620810597,False,26.076809620810597,-34.46081627137177,0.0,0,5,5
2017021065,20172018,2,2018-03-12,Capital One Arena,Washington,52,WPG,Jets,15,WSH,Capitals,444,228,419,2,REG,3,16:14,03:46,1551,False,False,506,shot-on-goal,,,16.0,23.0,61.0,-1.0,O,tip-in,Connor Hellebuyck stops a shot from Evgeny Kuznetsov,15.0,,,,,28.0178514522438,-2.0454084888873716,left,89,8475744.0,Evgeny Kuznetsov,15.0,C,8476945.0,Connor Hellebuyck,52.0,G,,,,,,,,,,,,,974,2174,faceoff,20.0,-22.0,44.0,46.06517122512408,False,1.046935709661911,11.410983126765405,0.0,0,5,5
2017021065,20172018,2,2018-03-12,Capital One Arena,Washington,52,WPG,Jets,15,WSH,Capitals,446,230,425,2,REG,3,17:27,02:33,1551,False,False,506,shot-on-goal,,,16.0,24.0,37.0,3.0,O,wrist,Connor Hellebuyck stops a shot from Michal Kempny,15.0,,,,,52.08646657242167,3.3018656744350587,right,89,8479482.0,Michal Kempny,15.0,D,8476945.0,Connor Hellebuyck,52.0,G,,,,,,,,,,,,,1047,2247,faceoff,69.0,-22.0,69.0,40.607881008493905,False,0.5885200146158537,7.926926682689563,0.0,0,5,5
2017021065,20172018,2,2018-03-12,Capital One Arena,Washington,52,WPG,Jets,15,WSH,Capitals,602,242,442,2,REG,3,18:55,01:05,1551,False,False,506,shot-on-goal,,,17.0,24.0,-33.0,14.0,O,slap,Philipp Grubauer stops a shot from Josh Morrissey,52.0,,,,,57.723478758647246,-14.036243467926484,left,-89,8477504.0,Josh Morrissey,52.0,D,8475831.0,Philipp Grubauer,15.0,G,,,,,,,,,,,,,1135,2335,hit,-71.0,-37.0,18.0,63.60031446463138,False,3.5333508035906322,-13.020767305624698,0.0,0,5,5
2017021065,20172018,2,2018-03-12,Capital One Arena,Washington,52,WPG,Jets,15,WSH,Capitals,604,247,452,2,REG,3,19:55,00:05,1551,False,False,506,shot-on-goal,,,17.0,25.0,64.0,-25.0,O,wrist,Connor Hellebuyck stops a shot from T.J. Oshie,15.0,,,,,35.35533905932738,-45.00000000000001,left,89,8471698.0,T.J. Oshie,15.0,R,8476945.0,Connor Hellebuyck,52.0,G,,,,,,,,,,,,,1195,2395,hit,-30.0,-39.0,8.0,95.03683496413377,False,11.879604370516722,-18.14557865948143,0.0,0,5,5
2017021065,20172018,2,2018-03-12,Capital One Arena,Washington,52,WPG,Jets,15,WSH,Capitals,614,252,463,3,REG,3,00:28,19:32,1551,False,False,506,shot-on-goal,,,18.0,25.0,81.0,-36.0,O,wrist,Philipp Grubauer stops a shot from Blake Wheeler,52.0,,,,,36.87817782917155,-77.47119229084849,left,89,8471218.0,Blake Wheeler,52.0,R,8475831.0,Philipp Grubauer,15.0,G,,,,,,,,,,,,,28,2428,faceoff,0.0,0.0,28.0,88.63972021616495,False,3.1657042934344624,0.0,0.0,0,5,5
2017021065,20172018,2,2018-03-12,Capital One Arena,Washington,52,WPG,Jets,15,WSH,Capitals,617,256,469,3,REG,3,01:43,18:17,1551,False,False,506,shot-on-goal,,,18.0,26.0,-33.0,7.0,O,slap,Connor Hellebuyck stops a shot from Dmitry Orlov,15.0,,,,,56.43580423808985,-7.125016348901859,left,-89,8475200.0,Dmitry Orlov,15.0,D,8476945.0,Connor Hellebuyck,52.0,G,,,,,,,,,,,,,103,2503,missed-shot,-63.0,20.0,10.0,32.69556544854363,True,3.269556544854363,-37.56859202882751,44.69360837772937,0,5,5
2017021065,20172018,2,2018-03-12,Capital One Arena,Washington,52,WPG,Jets,15,WSH,Capitals,618,257,473,3,REG,3,02:02,17:58,1551,False,False,506,shot-on-goal,,,19.0,26.0,55.0,31.0,O,slap,Philipp Grubauer stops a shot from Mathieu Perreault,52.0,,,,,46.010868281309364,42.35745470593528,right,89,8473618.0,Mathieu Perreault,52.0,C,8475831.0,Philipp Grubauer,15.0,G,,,,,,,,,,,,,122,2522,shot-on-goal,-33.0,7.0,19.0,91.21403400793103,True,4.80073863199637,-7.125016348901859,49.48247105483714,0,5,5
2017021065,20172018,2,2018-03-12,Capital One Arena,Washington,52,WPG,Jets,15,WSH,Capitals,620,262,486,3,REG,3,03:43,16:17,1551,False,False,506,shot-on-goal,,,20.0,26.0,59.0,-29.0,O,snap,Philipp Grubauer stops a shot from Blake Wheeler,52.0,,,,,41.72529209005013,-44.02897806892084,left,89,8471218.0,Blake Wheeler,52.0,R,8475831.0,Philipp Grubauer,15.0,G,,,,,,,,,,,,,223,2623,hit,14.0,40.0,21.0,82.37718130647589,False,3.9227229193559947,-21.223656502766218,0.0,0,5,5
2017021065,20172018,2,2018-03-12,Capital One Arena,Washington,52,WPG,Jets,15,WSH,Capitals,623,266,496,3,REG,3,05:02,14:58,1551,False,True,505,goal,2.0,2.0,,,80.0,16.0,O,wrist,Patrik Laine scores a goal,52.0,,41.0,34.0,33.0,18.35755975068582,60.64224645720873,right,89,,,,,8475831.0,Philipp Grubauer,15.0,G,8479339.0,Patrik Laine,52.0,R,8471669.0,Paul Stastny,52.0,C,8470834.0,Dustin Byfuglien,52.0,D,302,2702,blocked-shot,69.0,-18.0,10.0,35.73513677041127,True,3.5735136770411273,-41.98721249581666,102.62945895302539,0,5,5
2017021065,20172018,2,2018-03-12,Capital One Arena,Washington,52,WPG,Jets,15,WSH,Capitals,624,268,500,3,REG,3,05:08,14:52,1551,False,False,506,shot-on-goal,,,21.0,26.0,73.0,-4.0,O,wrist,Philipp Grubauer stops a shot from John (Jack) Roslovic,52.0,,,,,16.492422502470642,-14.036243467926484,left,89,8478458.0,John (Jack) Roslovic,52.0,C,8475831.0,Philipp Grubauer,15.0,G,,,,,,,,,,,,,308,2708,faceoff,0.0,0.0,6.0,73.10950690573696,False,12.184917817622827,0.0,0.0,0,5,5
2017021065,20172018,2,2018-03-12,Capital One Arena,Washington,52,WPG,Jets,15,WSH,Capitals,626,271,503,3,REG,3,05:34,14:26,1551,False,False,506,shot-on-goal,,,21.0,27.0,-82.0,29.0,O,wrist,Connor Hellebuyck stops a shot from T.J. Oshie,15.0,,,,,29.832867780352597,-76.42956561483851,left,-89,8471698.0,T.J. Oshie,15.0,R,8476945.0,Connor Hellebuyck,52.0,G,,,,,,,,,,,,,334,2734,blocked-shot,74.0,-1.0,22.0,158.8584275384847,True,7.220837615385668,-3.8140748342903783,80.24364044912889,0,5,5
2017021065,20172018,2,2018-03-12,Capital One Arena,Washington,52,WPG,Jets,15,WSH,Capitals,630,279,516,3,REG,3,06:43,13:17,1551,False,False,506,shot-on-goal,,,22.0,27.0,71.0,4.0,O,wrist,Philipp Grubauer stops a shot from Kyle Connor,52.0,,,,,18.439088914585774,12.528807709151492,right,89,8478398.0,Kyle Connor,52.0,L,8475831.0,Philipp Grubauer,15.0,G,,,,,,,,,,,,,403,2803,hit,96.0,8.0,34.0,25.317977802344327,False,0.7446464059513037,131.18592516570965,0.0,0,5,5
2017021065,20172018,2,2018-03-12,Capital One Arena,Washington,52,WPG,Jets,15,WSH,Capitals,634,284,530,3,REG,3,08:20,11:40,1551,False,False,506,shot-on-goal,,,22.0,28.0,-80.0,-7.0,O,wrist,Connor Hellebuyck stops a shot from Andre Burakovsky,15.0,,,,,11.40175425099138,37.8749836510982,right,-89,8477444.0,Andre Burakovsky,15.0,L,8476945.0,Connor Hellebuyck,52.0,G,,,,,,,,,,,,,500,2900,faceoff,69.0,22.0,76.0,151.79591562357663,False,1.9973146792575873,47.72631099390627,0.0,0,5,5
2017021065,20172018,2,2018-03-12,Capital One Arena,Washington,52,WPG,Jets,15,WSH,Capitals,635,286,532,3,REG,3,08:27,11:33,1551,False,False,506,shot-on-goal,,,22.0,29.0,-64.0,16.0,O,wrist,Connor Hellebuyck stops a shot from Brett Connolly,15.0,,,,,29.68164415931166,-32.61924307119282,left,-89,8475792.0,Brett Connolly,15.0,R,8476945.0,Connor Hellebuyck,52.0,G,,,,,,,,,,,,,507,2907,shot-on-goal,-80.0,-7.0,7.0,28.0178514522438,True,4.0025502074634,37.8749836510982,70.49422672229102,0,5,5
2017021065,20172018,2,2018-03-12,Capital One Arena,Washington,52,WPG,Jets,15,WSH,Capitals,640,295,552,3,REG,3,10:31,09:29,1551,False,False,506,shot-on-goal,,,22.0,30.0,16.0,5.0,N,wrist,Connor Hellebuyck stops a shot from Nicklas Backstrom,15.0,,,,,105.11898020814318,-2.7263109939063455,left,-89,8473563.0,Nicklas Backstrom,15.0,C,8476945.0,Connor Hellebuyck,52.0,G,,,,,,,,,,,,,631,3031,faceoff,69.0,22.0,29.0,55.65968020030299,False,1.9192993172518271,47.72631099390627,0.0,0,5,5
2017021065,20172018,2,2018-03-12,Capital One Arena,Washington,52,WPG,Jets,15,WSH,Capitals,645,303,570,3,REG,3,12:11,07:49,1551,False,False,506,shot-on-goal,,,23.0,30.0,71.0,-34.0,O,wrist,Philipp Grubauer stops a shot from Tucker Poolman,52.0,,,,,38.47076812334269,-62.10272896905237,left,89,8477359.0,Tucker Poolman,52.0,D,8475831.0,Philipp Grubauer,15.0,G,,,,,,,,,,,,,731,3131,blocked-shot,68.0,3.0,12.0,37.12142238654117,True,3.0934518655450973,8.13010235415596,70.23283132320833,0,5,5
2017021065,20172018,2,2018-03-12,Capital One Arena,Washington,52,WPG,Jets,15,WSH,Capitals,649,309,583,3,REG,3,13:50,06:10,1551,False,False,506,shot-on-goal,,,24.0,30.0,71.0,26.0,O,snap,Philipp Grubauer stops a shot from Bryan Little,52.0,,,,,31.622776601683793,55.30484646876603,right,89,8473412.0,Bryan Little,52.0,C,8475831.0,Philipp Grubauer,15.0,G,,,,,,,,,,,,,830,3230,blocked-shot,-71.0,-6.0,58.0,145.5609837834301,True,2.5096721341970705,18.434948822922017,73.73979529168804,0,5,5
2017021065,20172018,2,2018-03-12,Capital One Arena,Washington,52,WPG,Jets,15,WSH,Capitals,752,316,599,3,REG,3,15:14,04:46,1551,False,False,506,shot-on-goal,,,25.0,30.0,46.0,30.0,O,wrist,Philipp Grubauer stops a shot from Joel Armia,52.0,,,,,52.43090691567332,34.90249561592473,right,89,8476469.0,Joel Armia,52.0,R,8475831.0,Philipp Grubauer,15.0,G,,,,,,,,,,,,,914,3314,takeaway,73.0,26.0,3.0,27.294688127912362,False,9.098229375970787,58.3924977537511,0.0,0,5,5
2017021065,20172018,2,2018-03-12,Capital One Arena,Washington,52,WPG,Jets,15,WSH,Capitals,753,318,607,3,REG,3,15:59,04:01,1551,False,False,506,shot-on-goal,,,25.0,31.0,-72.0,-13.0,O,wrist,Connor Hellebuyck stops a shot from John Carlson,15.0,,,,,21.400934559032695,37.40535663140855,right,-89,8474590.0,John Carlson,15.0,D,8476945.0,Connor Hellebuyck,52.0,G,,,,,,,,,,,,,959,3359,hit,-50.0,-15.0,6.0,22.090722034374522,False,3.681787005729087,-6.159163029143023,0.0,0,5,5
2017021065,20172018,2,2018-03-12,Capital One Arena,Washington,52,WPG,Jets,15,WSH,Capitals,754,319,608,3,REG,3,16:01,03:59,1551,False,False,506,shot-on-goal,,,25.0,32.0,-78.0,8.0,O,wrist,Connor Hellebuyck stops a shot from T.J. Oshie,15.0,,,,,13.601470508735444,-36.02737338510361,left,-89,8471698.0,T.J. Oshie,15.0,R,8476945.0,Connor Hellebuyck,52.0,G,,,,,,,,,,,,,961,3361,blocked-shot,-80.0,3.0,1.0,5.385164807134504,True,5.385164807134504,-18.434948822922017,54.462322208025626,0,5,5
2017021065,20172018,2,2018-03-12,Capital One Arena,Washington,52,WPG,Jets,15,WSH,Capitals,757,324,615,3,REG,3,16:35,03:25,1551,False,False,506,shot-on-goal,,,25.0,33.0,-17.0,-27.0,N,wrist,Connor Hellebuyck stops a shot from Nicklas Backstrom,15.0,,,,,76.89603370785778,20.556045219583478,right,-89,8473563.0,Nicklas Backstrom,15.0,C,8476945.0,Connor Hellebuyck,52.0,G,,,,,,,,,,,,,995,3395,takeaway,-30.0,38.0,26.0,66.2872536767062,False,2.5495097567963922,-32.78428086586916,0.0,0,5,5
2017021065,20172018,2,2018-03-12,Capital One Arena,Washington,52,WPG,Jets,15,WSH,Capitals,760,332,637,3,REG,3,18:31,01:29,1551,False,False,506,shot-on-goal,,,26.0,33.0,36.0,33.0,O,slap,Philipp Grubauer stops a shot from Josh Morrissey,52.0,,,,,62.433965115151864,31.90810693565316,right,89,8477504.0,Josh Morrissey,52.0,D,8475831.0,Philipp Grubauer,15.0,G,,,,,,,,,,,,,1111,3511,giveaway,90.0,32.0,0.0,54.00925846556311,False,0.0,-10.135749725544567,0.0,0,5,5
2017021065,20172018,2,2018-03-12,Capital One Arena,Washington,52,WPG,Jets,15,WSH,Capitals,764,338,650,3,REG,3,19:45,00:15,1551,False,False,506,shot-on-goal,,,26.0,34.0,-61.0,-3.0,O,wrist,Connor Hellebuyck stops a shot from Alex Ovechkin,15.0,,,,,28.160255680657446,6.115503566285325,right,-89,8471214.0,Alex Ovechkin,15.0,L,8476945.0,Connor Hellebuyck,52.0,G,,,,,,,,,,,,,1185,3585,missed-shot,-61.0,-21.0,17.0,18.0,True,1.0588235294117647,36.86989764584401,42.98540121212934,0,5,5
2017021065,20172018,2,2018-03-12,Capital One Arena,Washington,52,WPG,Jets,15,WSH,Capitals,773,345,670,4,OT,3,01:24,03:36,1341,False,False,506,shot-on-goal,,,26.0,35.0,74.0,17.0,O,slap,Connor Hellebuyck stops a shot from John Carlson,15.0,,,,,22.67156809750927,48.57633437499736,right,89,8474590.0,John Carlson,15.0,D,8476945.0,Connor Hellebuyck,52.0,G,,,,,,,,,,,,,84,3684,takeaway,34.0,-33.0,61.0,64.03124237432849,False,1.0496924979398112,-30.96375653207352,0.0,65,3,4
2017021065,20172018,2,2018-03-12,Capital One Arena,Washington,52,WPG,Jets,15,WSH,Capitals,774,346,671,4,OT,3,01:28,03:32,1341,False,False,506,shot-on-goal,,,26.0,36.0,76.0,-5.0,O,wrist,Connor Hellebuyck stops a shot from T.J. Oshie,15.0,,,,,13.92838827718412,-21.037511025421825,left,89,8471698.0,T.J. Oshie,15.0,R,8476945.0,Connor Hellebuyck,52.0,G,,,,,,,,,,,,,88,3688,shot-on-goal,74.0,17.0,4.0,22.090722034374522,True,5.522680508593631,48.57633437499736,69.61384540041918,69,3,4
2017021065,20172018,2,2018-03-12,Capital One Arena,Washington,52,WPG,Jets,15,WSH,Capitals,775,347,672,4,OT,3,01:35,03:25,1341,False,False,506,shot-on-goal,,,26.0,37.0,71.0,-8.0,O,snap,Connor Hellebuyck stops a shot from Nicklas Backstrom,15.0,,,,,19.697715603592208,-23.962488974578164,left,89,8473563.0,Nicklas Backstrom,15.0,C,8476945.0,Connor Hellebuyck,52.0,G,,,,,,,,,,,,,95,3695,shot-on-goal,76.0,-5.0,7.0,5.830951894845301,True,0.832993127835043,-21.037511025421825,44.999999999999986,76,3,4
2017021065,20172018,2,2018-03-12,Capital One Arena,Washington,52,WPG,Jets,15,WSH,Capitals,776,348,673,4,OT,3,01:46,03:14,1341,False,False,506,shot-on-goal,,,26.0,38.0,58.0,10.0,O,slap,Connor Hellebuyck stops a shot from Alex Ovechkin,15.0,,,,,32.57299494980466,17.878696595841316,right,89,8471214.0,Alex Ovechkin,15.0,L,8476945.0,Connor Hellebuyck,52.0,G,,,,,,,,,,,,,106,3706,shot-on-goal,71.0,-8.0,11.0,22.20360331117452,True,2.0185093919249564,-23.962488974578164,41.84118557041948,87,3,4
2017021065,20172018,2,2018-03-12,Capital One Arena,Washington,52,WPG,Jets,15,WSH,Capitals,777,350,677,4,OT,3,02:14,02:46,1341,False,False,506,shot-on-goal,,,26.0,39.0,60.0,23.0,O,slap,Connor Hellebuyck stops a shot from Alex Ovechkin,15.0,,,,,37.013511046643494,38.41805534482199,right,89,8471214.0,Alex Ovechkin,15.0,L,8476945.0,Connor Hellebuyck,52.0,G,,,,,,,,,,,,,134,3734,hit,-61.0,-32.0,14.0,132.9135057095403,False,9.493821836395735,-12.042575142885008,0.0,115,3,4
2017021065,20172018,2,2018-03-12,Capital One Arena,Washington,52,WPG,Jets,15,WSH,Capitals,780,356,690,4,OT,3,03:27,01:33,1441,False,False,506,shot-on-goal,,,26.0,40.0,74.0,1.0,O,wrist,Connor Hellebuyck stops a shot from John Carlson,15.0,,,,,15.033296378372908,3.8140748342903783,right,89,8474590.0,John Carlson,15.0,D,8476945.0,Connor Hellebuyck,52.0,G,,,,,,,,,,,,,207,3807,hit,57.0,-12.0,2.0,21.400934559032695,False,10.700467279516348,4.6986805172995165,0.0,0,4,4
2017021065,20172018,2,2018-03-12,Capital One Arena,Washington,52,WPG,Jets,15,WSH,Capitals,782,359,696,4,OT,3,04:11,00:49,1331,False,True,505,goal,2.0,3.0,,,74.0,1.0,O,wrist,Evgeny Kuznetsov scores a goal,15.0,,21.0,11.0,,15.033296378372908,3.8140748342903783,right,89,,,,,8476945.0,Connor Hellebuyck,52.0,G,8475744.0,Evgeny Kuznetsov,15.0,C,8476905.0,Chandler Stephenson,15.0,C,,,,,251,3851,faceoff,69.0,22.0,43.0,21.587033144922902,False,0.502024026626114,47.72631099390627,0.0,0,3,3
